title,rating
The Grand Seduction,13+
Secrets of Deception,18+
Pink: Staying True,16+
Monster Maker,7+
Living With Dinosaurs,13+
Hired Gun,16+
Grease Live!,13+
Global Meltdown,13+
David's Mother,18+
Forest Fairies,전체
Take Care,16+
The Night Eats The World,16+
Resilencia,13+
Elon Musk: The Real Life Iron Man,7+
Summer '03,16+
"You, Me and Him",18+
World War II: Saving the Reality,NR
Wildfire 7,16+
Whitney Cummings: Money Shot,18+
Walter,전체
Valentine DayZ,18+
Useless,13+
Unity: The Latin Tribute to Michael Jackson,מתאים לכולם
Turn of the Cheek,13+
Trilogy of Terror,16+
Top Secret Rosies: The Female Computers of WWII,ALL
"Tom Rhodes: Light, Sweet, Crude",16+
Tom Papa: Freaked Out,18+
Todd Glass: Talks About Stuff,16+
Toca Life Stories,7+
Timbertown,16+
Tim Minchin: So Fing Rock,16+
Thomas & Friends: The Great Discovery - The Movie,전체
Thomas & Friends: Tale of the Brave - The Movie,전체
Thomas & Friends: Sodor's Legend of the Lost Treasure (US),ALL
Thomas & Friends: King of the Railway - The Movie,전체
The Wedding Dance,13+
The Return 2020,NR
The Record,16+
The Owl and the Pussycat,18+
The Mystery of Agatha Christie with David Suchet,7+
The Legend Of Ben Hall,16+
The Last Days Of Patton,18+
The Hunting of the President,13+
The Hound of the Baskervilles,13+
The Fidel Castro Tapes,18+
The Falls,18+
The Curse Of Hobbes House,18+
The Changeling,16+
The Black Velvet Gown,16+
The Black Kungfu Experience,ALL
"The Big Black Comedy Show, Vol. 5",18+
The Astral Factor,16+
Teenage Bank Heist,16+
Tear the Roof Off: The Untold Story of Parliament Funkadelic,7+
Survivors Guide to Prison,16+
Still Today,13+
Stealing Paradise,16+
Stalked By My Doctor,16+
Soothing Waterfalls with Music,ALL
Song of the Cloud Forest,7+
Snowcat - Truck Tunes for Kids,すべて
Snowbound for Christmas,13+
Snapshots,18+
Sir Chris Hoy - From Velodrome to Le Mans,16+
Silver Wolf,13+
Shinrin-Yoku (forest bathing),ALL
"Seeing, Searching, Being - William Segal",ALL
Secrets of the Dead: The Lost Gardens of Babylon,13+
Secondhand Hearts,7+
Sarah Colonna: I Can't Feel My Legs,18+
Running for Grace,16+
Runnin' From My Roots,16+
Rickover: The Birth of Nuclear Power,7+
Rick Stein and the Japanese Ambassador,13+
Richard Hammond Meets Evel Knievel,ALL
Remembering Leonard Nimoy,13+
Relaxing Beaches with music,ALL
"Rebel: Loreta Velazquez, Secret Soldier of the American Civil War",16+
Real American Hero,TODOS
Python for Everybody,SC
Polylove,16+
Pink Floyd: The Dark Side of the Moon,18+
Penance Lane,16+
Owen Benjamin: Huge Pianist,18+
Out of the Wild,NR
One Church,16+
Noelle,16+
Nick Thune: Good Guy,18+
Nick Di Paolo: Raw Nerve,16+
Nick Di Paolo: Inflammatory,18+
Nic Hamilton's Racing Dream,ALL
Naughty or Nice,7+
Nature: Touching the Wild: Living with the Mule Deer of Deadman Gulch,7+
Nature: The Private Life of Deer,TUTTI
Nature: The Mystery of Eels,7+
Nature: Parrot Confidential,7+
Nature: Cold Warriors: Wolves and Buffalo,7+
National Lampoon's Snatched,16+
Mystery Road,16+
My Bionic Pet,7+
Movie10y,
Movie10x,
Mothers of the Bride,7+
Most Likely to Succeed,13+
Morgan Murphy: Irish Goodbye,18+
Mo Mandel: Negative Reinforcement,18+
Mitchell,16+
Mike Birbiglia: What I Should Have Said Was Nothing,18+
Midnight Waterfalls for Sleep 8 hours,전체
Medal of Honor,18+
Marshall's Miracle,13+
Madame,16+
"Love, Hope & Autism",16+
Love and Hostages,16+
Lola & Virginia (volume 4),7+
Lola & Virginia (volume 2),전체
Lighthouse Island,7+
King Arthur's Lost Kingdom,13+
"Kevin Smith: Silent, But Deadly (Extended Edition)",18+
Katherine,18+
Karma,13+
Josh Blue: Delete,18+
John Leguizamo: Tales From a Ghetto Klown,ALLE
Joey - The Man Who Conquered the TT,13+
Jimmy Dore: Sentenced To Live,18+
Jim Norton: Please Be Offended,NR
Jennifer Aniston: More than Friends,16+
Jeff Garcia: The Ten Dollar Ticket,NR
James McNeill Whistler and the Case for Beauty,7+
Jake Shimabukuro: Life on Four Strings,ALL
Italy's Mystery Mountains,ALL
Inside Italy's COVID War,7+
Imaginary Friend,13+
I Need You To Kill,18+
Howie Mandel Presents: Howie Mandel at the Howie Mandel Comedy Club,16+
Hope Lost,16+
Home Sweet Home,16+
Holly's Holiday,13+
Hidden Poland,전체
"Henry Rollins: Keep Talking, Pal",18+
Happy Hour,16+
Greg Fitzsimmons: Life On Stage,NR
Goodbye World,18+
Gina Yashere: Laughing To America,18+
Gallagher: Stuck In the 60s,16+
Gallagher: Melon Crazy,18+
Four Enchanted Sisters,7+
Fort Bliss,16+
Forrest Shaw: Poor Decisions,18+
For The Love Of Jessee,13+
Fireman Sam: The Great Fire of Pontypandy,전체
Field of Lost Shoes,13+
Farmland,7+
Erik Griffin: AmERIKan Warrior,18+
Enchantimals: Finding Home,13+
Eddie Griffin: Undeniable,
Doubting Thomas,16+
Double Daddy,16+
Domain,13+
Dinosaur Stomp - Educational Learning Videos and Songs for Kids and Babies - Mother Goose Club,ALL
Dino King,7+
"Dick Winters: ""Hang Tough""",7+
Devil's Diary,16+
Decoding COVID-19,7+
Dana Gould: I Know It's Wrong,18+
Dan Cummins: Don't Wake The Bear,18+
D-Day at Pointe-Du-Hoc,7+
Cyber Bully,16+
CSO_testcase_32,
Coronavirus Pandemic,7+
"Congratulations, It's A Boy!",13+
Concrete Boom Pump - Truck Tunes for Kids,ALL
Coach Of The Year,ALL
Close Range,NR
Clay,전체
City of Joel,13+
Christmas Recipe for Romance,7+
Christmas on the Bayou,7+
Chris Porter: Ugly and Angry,18+
Choices,16+
Charm City,18+
Chad Daniels: As Is,16+
Cannabis To Save My Life,전체
Camp Cool Kids,7+
Bryan Callen: Never Grow Up,18+
Brothers O'Toole,13+
Brian Posehn: 25x2,18+
Brad Williams Fun Size,16+
Born To Win,13+
Bob Saget: Zero To Sixty,18+
Bob Saget: That's What I'm Talking About,18+
"Blood, Sand and Gold",16+
Blanche,7+
Blackmark,16+
Bing Crosby: Rediscovered,13+
Bill Hicks: Sane Man,18+
Beautiful Southwest Colorado with music,7+
Beautiful Northern California with music,ALL
Beatrix Farrand's American Landscapes,7+
Beast Mode,16+
Bear With Us,18+
Bad Match,16+
Aries Spears: Comedy Blueprint,18+
Anthem of a Teenage Prophet,16+
Andy Kindler: I Wish I Was Bitter,18+
American Experience: The Swamp,13+
American Experience: The Bombing of Wall Street,7+
American Experience: Tesla,전체
American Experience: Butch Cassidy and the Sundance Kid,13+
Alien Crash Retrievals,7+
Albion: The Enchanted Stallion,7+
Above & Beyond,NR
A Woman Scorned: The Betty Broderick Story: Part I,16+
A Taxi Driver,16+
A Reckoning,18+
A Mother's Nightmare,
A Christmas Princess,7+
30 Minutes of Water,13+
3 Caminos (4K UHD),
3 Caminos,ALL
15 Minutes of War,16+
Snow Queen: Fire and Ice,
Thomas & Friends: Big World! Big Adventures! - The Movie (US),7+
The Gathering Swarms,13+
Heatstroke,16+
A Class Apart,7+
Tom Papa: Human Mule,16+
"Thomas & Friends: The Great Race (US English, Brazilian Portuguese, Latin America Spanish)",전체
"Thomas & Friends: Journey Beyond Sodor (US English, Brazilian Portuguese, Latin America Spanish)",KAIKKI
The Night Watch,18+
Steve-O: Guilty As Charged,18+
Stalked By My Neighbor,13+
Stalked By My Doctor: Patient's Revenge,13+
No Greater Love,16+
Mine Games,16+
Joey Coco Diaz: Sociably Unacceptable,18+
Hope Dances,7+
Elimination Game,16+
Cottage Country,16+
"Coming Convergence, The",18+
Black Hawk Down: The Untold Story,13+
Bill Hicks: Relentless,18+
Azorian: The Raising of the K-129,7+
Audubon,ALL
Andrew Santino: Homefield Advantage,18+
An American Ghost Story,18+
A Bride for Christmas,16+
Never Too Late,16+
What Haunts Us,16+
Two Wrongs,16+
The Custodian,전체
The 41-Year-Old Virgin Who Knocked Up Sarah Marshall and Felt Superbad About It,18+
Red Metal: The Copper Country Strike of 1913,FRÅN 7 ÅR
Brian Gaar: Jokes I Wrote At Work,18+
Woman in the Woods,16+
New World Order,13+
Netherbeast Incorporated,13+
Before Your Time,13+
The Capture of the Green River Killer,16+
Fighting the Odds: The Marilyn Gambrell Story,16+
In Remembrance of Martin,7+
First We Take Brooklyn,18+
Big Legend,16+
Beautiful Sunrises and Sunsets with music,전체
Angel of the Skies,NR
Abandoned,13+
When the Moon was Full,18+
Nemr: No Bombing in Beirut,18+
From Other Worlds,13+
Dead Man's Cards,16+
The McMasters,18+
The Final Season,7+
Red Sea,전체
Lucy Shimmers and the Prince of Peace,전체
A Year and Change,16+
Philip Roth: Unmasked,+7
Apartment 212,16+
Camp Arrowhead,13+
Look Away,16+
#Lucky Number,16+
Sawah,16+
Attraction to Paris,18+
Righteous Villains,18+
Red Rage,16+
Original Gangster,NR
Locusts,18+
Little Kingdom,18+
Bad Blood: A Cautionary Tale,
Arnez J: Racially Motivated,18+
Sweet Deception,18+
Sebastian Maniscalco: Aren't You Embarrassed?,16+
One of Her Own,16+
The Exorcism in Amarillo,16+
Secret Lives,13+
Accidental Christmas,13+
Off the Menu,16+
Adam Newman: Fuzzies,18+
Tom Segura: Completely Normal,16+
Super Sleuths - Midsomer Murders,16+
Ivanov,7+
Lost Heart,13+
How to Catch A Serial Killer,NR
My Country,18+
Interviewing Monsters and Bigfoot,16+
The Little Girl Who Lives Down the Lane,16+
Halloween Party,16+
The Day of the Living Dead,18+
Norman,NR
Lured,13+
Lavell Crawford: Home for the Holidays,18+
Doors Open,ÖVER 16 ÅR
By Nights End,16+
A Stone In The Water,16+
First Love,16+
Loaded Dice,18+
The Buddha,7+
The Engagement Ring,7+
The Truth About Emanuel,16+
The Lady Vanishes,13+
Free Byrd,16+
WWII: The Long Road Home,16+
Vice President Kamala Harris: Chase the Dream,16+
Lily Is Here,16+
Found,NR
Before I'm Dead,18+
Gordon Lightfoot: If You Could Read My Mind,
Escape and Evasion,16+
Elton John - Uncensored,16+
Beach House,7+
Don't Look Back,18+
Hook City,13+
Porky's,18+
The Healing Garden,전체
Manipulated,16+
Ballast,18+
